arm,canonical_name,alias_group_members,numel,l2_ref,l2_final,delta_ref_final,rho,is_latent_q
ssra,emb.weight,,10485760,95.26088021335913,238.73488117077147,245.32482168550686,2.5752945084702583,False
ssra,layers.0.level_emb,,10240,0.830934593113042,9.847375163138112,9.636010666999432,11.596593458576264,False
ssra,layers.0.ln1.weight,,640,24.926641403177502,17.179976655877496,8.29702185029853,0.3328575926494804,False
ssra,layers.0.ln1.bias,,640,0.20769761066981796,3.1453027397106132,3.1815913812069088,15.318382194895653,False
ssra,layers.0.ln2.weight,,640,25.556741167276343,14.214969137300839,11.548565504291192,0.4518794250292889,False
ssra,layers.0.ln2.bias,,640,0.1195951513115516,3.7498515014979357,3.6683211751153753,30.672825234855946,False
ssra,layers.0.ln_node.weight,,640,24.440662994614353,15.145077738106668,9.742088626348002,0.39860165121112834,False
ssra,layers.0.ln_node.bias,,640,0.19063322740852626,1.4571470710453465,1.4012685158731268,7.350599551410909,False
ssra,layers.0.attn.w_q.weight,layers.0.attn.w_q.weight;layers.0.pool.attn.w_q.weight;layers.0.readout_attn.w_q.weight,409600,15.958220546244824,48.44077413616301,45.23739760584746,2.834739467019862,False
ssra,layers.0.attn.w_k.weight,layers.0.attn.w_k.weight;layers.0.pool.attn.w_k.weight;layers.0.readout_attn.w_k.weight,409600,15.791683048515253,47.96228820794891,44.980635291350985,2.8483750055748556,False
ssra,layers.0.attn.w_v.weight,layers.0.attn.w_v.weight;layers.0.pool.attn.w_v.weight;layers.0.readout_attn.w_v.weight,409600,15.103124978493675,40.82224018017691,35.166341399874355,2.328414910818126,False
ssra,layers.0.attn.w_o.weight,layers.0.attn.w_o.weight;layers.0.pool.attn.w_o.weight;layers.0.readout_attn.w_o.weight,409600,15.09307554699644,41.356378904327606,35.73899604888621,2.3679067886199214,False
ssra,layers.0.pool.latent_q,,10240,2.2169303679743697,11.370212650236894,11.001207957490175,4.962360620979758,True
ssra,layers.0.pool.ln_pool.weight,,640,24.683134567051873,14.914583959699803,10.120015056912758,0.4099971593729994,False
ssra,layers.0.pool.ln_pool.bias,,640,0.18863615916171808,2.408574021680493,2.349309367295973,12.45418363974378,False
ssra,layers.0.ffn.fc1.weight,,1638400,32.5685074565178,97.27200178735355,88.07220970881673,2.704213873675418,False
ssra,layers.0.ffn.fc1.bias,,2560,1.2206197906532603,3.813983694071214,3.3804483951322517,2.769452388874572,False
ssra,layers.0.ffn.fc2.weight,,1638400,19.369385953237742,83.05042917752674,79.70676292542329,4.115089818430702,False
ssra,layers.0.ffn.fc2.bias,,640,0.32493181611613936,1.8075215059492846,1.7140036322073235,5.274963999200043,False
ssra,layers.1.level_emb,,10240,2.836985607310595,14.05528294000321,12.598077992309117,4.440656293724324,False
ssra,layers.1.ln1.weight,,640,24.971030444441336,9.879008679744338,15.238560114872046,0.6102495509256894,False
ssra,layers.1.ln1.bias,,640,0.19679695133234532,1.5550244062616823,1.4739819184991163,7.48986154775282,False
ssra,layers.1.ln2.weight,,640,25.586601777176927,20.259991476545746,6.426210297407834,0.25115528640227514,False
ssra,layers.1.ln2.bias,,640,0.3012783281468944,3.5761981506375133,3.365725970658861,11.171483828129292,False
ssra,layers.1.ln_node.weight,,640,24.997847931220527,12.154170202543858,13.041640047754596,0.5217105121863919,False
ssra,layers.1.ln_node.bias,,640,0.3095548690284845,0.9865536649788453,0.9516146206365819,3.0741387580920803,False
ssra,layers.1.attn.w_q.weight,layers.1.attn.w_q.weight;layers.1.pool.attn.w_q.weight;layers.1.readout_attn.w_q.weight,409600,15.611407362763538,45.19078852219685,43.046365535917616,2.7573661064403567,False
ssra,layers.1.attn.w_k.weight,layers.1.attn.w_k.weight;layers.1.pool.attn.w_k.weight;layers.1.readout_attn.w_k.weight,409600,15.613393635820483,45.20807808843851,43.10298229809981,2.760641491751819,False
ssra,layers.1.attn.w_v.weight,layers.1.attn.w_v.weight;layers.1.pool.attn.w_v.weight;layers.1.readout_attn.w_v.weight,409600,15.746634757420795,34.24457229453421,30.81868097491358,1.9571598280953266,False
ssra,layers.1.attn.w_o.weight,layers.1.attn.w_o.weight;layers.1.pool.attn.w_o.weight;layers.1.readout_attn.w_o.weight,409600,15.85621797074175,35.95066550776702,32.77355913790767,2.0669215823333267,False
ssra,layers.1.pool.latent_q,,10240,2.6832466574318654,8.55100662053901,7.36943127798567,2.7464606198518293,True
ssra,layers.1.pool.ln_pool.weight,,640,24.920322746050903,13.995389851112467,11.107053555054579,0.44570263668895305,False
ssra,layers.1.pool.ln_pool.bias,,640,0.4535328575473098,0.916230625330125,0.7907468264630827,1.7435270968886676,False
ssra,layers.1.ffn.fc1.weight,,1638400,32.7693730455606,107.16992843891121,98.37128656499695,3.0019276361567044,False
ssra,layers.1.ffn.fc1.bias,,2560,1.2438412854236196,1.9708843545310908,1.4358063305858881,1.1543324276271232,False
ssra,layers.1.ffn.fc2.weight,,1638400,19.180851583317196,91.7272959824298,89.55757244988098,4.669113467713545,False
ssra,layers.1.ffn.fc2.bias,,640,0.31362487169614794,1.3964492202011076,1.319049147684577,4.205818054387356,False
ssra,layers.2.level_emb,,10240,1.7435993588894754,10.567776913629997,9.943307519377342,5.702747863884501,False
ssra,layers.2.ln1.weight,,640,24.794846150422977,16.298836338459715,8.816156079508266,0.35556405657947066,False
ssra,layers.2.ln1.bias,,640,0.23417043906007715,1.8186661369331245,1.6544031547063551,7.06495303739817,False
ssra,layers.2.ln2.weight,,640,25.583093668812246,21.616410302997433,5.28746367524426,0.20667804072851767,False
ssra,layers.2.ln2.bias,,640,0.4129113803000683,3.4141651618004105,3.0877385495436522,7.477969116035869,False
ssra,layers.2.ln_node.weight,,640,25.1149280294543,9.049709725232766,16.315807369149038,0.6496457943265526,False
ssra,layers.2.ln_node.bias,,640,0.26671931911520486,1.2731834852118185,1.2688739401228075,4.757337954866101,False
ssra,layers.2.attn.w_q.weight,layers.2.attn.w_q.weight;layers.2.pool.attn.w_q.weight;layers.2.readout_attn.w_q.weight,409600,15.852645520362186,46.740952335008856,44.87253205467062,2.830602122341875,False
ssra,layers.2.attn.w_k.weight,layers.2.attn.w_k.weight;layers.2.pool.attn.w_k.weight;layers.2.readout_attn.w_k.weight,409600,15.803803732179478,45.95849042460314,44.0642831303528,2.788207438986966,False
ssra,layers.2.attn.w_v.weight,layers.2.attn.w_v.weight;layers.2.pool.attn.w_v.weight;layers.2.readout_attn.w_v.weight,409600,15.477570934768444,31.790756896871542,29.486030442696816,1.9050812667548565,False
ssra,layers.2.attn.w_o.weight,layers.2.attn.w_o.weight;layers.2.pool.attn.w_o.weight;layers.2.readout_attn.w_o.weight,409600,15.548910865013358,31.864111746642102,30.16193567959681,1.9398101861567842,False
ssra,layers.2.pool.latent_q,,10240,2.3700947519384075,8.4566610267158,7.745970241987055,3.2682112120842133,True
ssra,layers.2.pool.ln_pool.weight,,640,25.049460479835872,16.17029843837477,9.169887976262416,0.36607127661068484,False
ssra,layers.2.pool.ln_pool.bias,,640,0.30731949277122145,1.038408439925114,1.0399970973907484,3.3840908951550164,False
ssra,layers.2.ffn.fc1.weight,,1638400,32.8506934243308,107.50262906573536,98.51211158639445,2.998783322894233,False
ssra,layers.2.ffn.fc1.bias,,2560,1.315069437302149,2.0513193564637024,1.3899895641547921,1.0569704722256652,False
ssra,layers.2.ffn.fc2.weight,,1638400,18.948310457320993,94.0737107892232,91.4762142372934,4.827671282003407,False
ssra,layers.2.ffn.fc2.bias,,640,0.33092079307866346,1.4083509542471813,1.278212084360706,3.8625922308147653,False
ssra,layers.3.level_emb,,10240,1.9182479700931077,10.03304979896842,9.129301662146613,4.759187448379521,False
ssra,layers.3.ln1.weight,,640,24.961742855308163,13.665533801729282,11.475730235302015,0.4597327318778015,False
ssra,layers.3.ln1.bias,,640,0.24759278486542102,1.828871657394027,1.657170206622139,6.693128022785047,False
ssra,layers.3.ln2.weight,,640,25.650135366138933,21.33339658989415,5.164076219263454,0.20132744508165895,False
ssra,layers.3.ln2.bias,,640,0.5051502944434575,3.264692466846259,2.8516004613078545,5.645053546785649,False
ssra,layers.3.ln_node.weight,,640,25.093279750995762,15.338992578138395,9.985130900368343,0.3979205189378287,False
ssra,layers.3.ln_node.bias,,640,0.3102683603187819,2.0926409009637448,1.9796015580455837,6.380288199582011,False
ssra,layers.3.attn.w_q.weight,layers.3.attn.w_q.weight;layers.3.pool.attn.w_q.weight;layers.3.readout_attn.w_q.weight,409600,15.955149252880847,50.45472450677763,48.146612896712114,3.0176222192355113,False
ssra,layers.3.attn.w_k.weight,layers.3.attn.w_k.weight;layers.3.pool.attn.w_k.weight;layers.3.readout_attn.w_k.weight,409600,15.904849529288377,49.71640559052744,47.299367288946826,2.9738959304107997,False
ssra,layers.3.attn.w_v.weight,layers.3.attn.w_v.weight;layers.3.pool.attn.w_v.weight;layers.3.readout_attn.w_v.weight,409600,15.549001109206916,40.05836207711582,36.62597950225173,2.3555197690843728,False
ssra,layers.3.attn.w_o.weight,layers.3.attn.w_o.weight;layers.3.pool.attn.w_o.weight;layers.3.readout_attn.w_o.weight,409600,15.602083777663903,39.843245149366524,36.82035637261387,2.3599640213011965,False
ssra,layers.3.pool.latent_q,,10240,2.312722020697811,6.699557633293848,6.065913721702585,2.6228460089087293,True
ssra,layers.3.pool.ln_pool.weight,,640,24.997664680320177,19.822623554581046,5.399576641748265,0.21600324313491454,False
ssra,layers.3.pool.ln_pool.bias,,640,0.2981726676935176,1.7035748066227665,1.6201872270631228,5.433721472849627,False
ssra,layers.3.ffn.fc1.weight,,1638400,33.03729406736117,106.67963524161033,97.7040728309001,2.95738726760391,False
ssra,layers.3.ffn.fc1.bias,,2560,1.2900350870687924,2.0477799736760964,1.3890220459207898,1.0767319895747292,False
ssra,layers.3.ffn.fc2.weight,,1638400,19.045225431575535,96.6059584340642,94.0632372643724,4.938940607572054,False
ssra,layers.3.ffn.fc2.bias,,640,0.3232208264199831,1.1249480854693013,1.0216356653212035,3.1607977636741817,False
ssra,layers.4.level_emb,,10240,1.525134805355923,12.231289126601,11.682193848847284,7.65977788181222,False
ssra,layers.4.ln1.weight,,640,25.090372724877916,16.492046408500332,8.811274932621227,0.35118150811225546,False
ssra,layers.4.ln1.bias,,640,0.24940098605941857,1.866361460978284,1.7208162033165564,6.89979711189506,False
ssra,layers.4.ln2.weight,,640,25.722719823882585,20.278325253493215,5.889877734450011,0.22897569832337403,False
ssra,layers.4.ln2.bias,,640,0.5652775311788083,3.618596150915823,3.1628943342784064,5.595294629317084,False
ssra,layers.4.ln_node.weight,,640,25.012244581312864,15.28303990761406,9.902388053984488,0.395901616178132,False
ssra,layers.4.ln_node.bias,,640,0.23778343621537193,0.8548262854033646,0.8305040265931523,3.4926908274675816,False
ssra,layers.4.attn.w_q.weight,layers.4.attn.w_q.weight;layers.4.pool.attn.w_q.weight;layers.4.readout_attn.w_q.weight,409600,16.14808333158942,49.39777647918815,47.24922052979721,2.9259955847123176,False
ssra,layers.4.attn.w_k.weight,layers.4.attn.w_k.weight;layers.4.pool.attn.w_k.weight;layers.4.readout_attn.w_k.weight,409600,16.06453825349845,49.04779622946076,46.862781632047394,2.9171570880253506,False
ssra,layers.4.attn.w_v.weight,layers.4.attn.w_v.weight;layers.4.pool.attn.w_v.weight;layers.4.readout_attn.w_v.weight,409600,15.627457739053723,39.253716684945275,36.19632898680984,2.3162007276688117,False
ssra,layers.4.attn.w_o.weight,layers.4.attn.w_o.weight;layers.4.pool.attn.w_o.weight;layers.4.readout_attn.w_o.weight,409600,15.729593274196784,39.22682659021523,36.59833221229604,2.3267182802706574,False
ssra,layers.4.pool.latent_q,,10240,2.286284692597232,6.533316703465188,5.841733196948119,2.5551206356159772,True
ssra,layers.4.pool.ln_pool.weight,,640,24.97806078290431,15.400737308554849,9.697830330018654,0.3882539326934508,False
ssra,layers.4.pool.ln_pool.bias,,640,0.2766106741156741,0.9504882027036113,0.966803954698297,3.4951794893280055,False
ssra,layers.4.ffn.fc1.weight,,1638400,33.26563425519834,106.48092584499688,97.94607645213046,2.944362211786918,False
ssra,layers.4.ffn.fc1.bias,,2560,1.311125258212143,1.9565022691001972,1.2196638997862057,0.9302420894929181,False
ssra,layers.4.ffn.fc2.weight,,1638400,19.317379625886566,100.8371151221344,98.35033518193423,5.091287591104659,False
ssra,layers.4.ffn.fc2.bias,,640,0.3201368967280078,0.8352705052042952,0.7387458822100134,2.3075936880767003,False
ssra,layers.5.level_emb,,10240,1.1969689047433811,9.073350528956931,8.82992971914375,7.376908192144561,False
ssra,layers.5.ln1.weight,,640,25.378816086981267,22.850924751418784,3.2384379093369744,0.12760397877654414,False
ssra,layers.5.ln1.bias,,640,0.2585935372024815,1.6643770967712628,1.497803163344969,5.792113675958472,False
ssra,layers.5.ln2.weight,,640,25.782317039223646,22.101519410245007,4.231095222686471,0.1641084164875306,False
ssra,layers.5.ln2.bias,,640,0.6215068079311548,4.050310010460884,3.525454980870846,5.672431799429888,False
ssra,layers.5.ln_node.weight,,640,24.83797373703205,3.3158867724349532,22.00567798796758,0.8859691302096163,False
ssra,layers.5.ln_node.bias,,640,0.26876690472632614,0.8747585783684964,0.9092791012156913,3.383151292907776,False
ssra,layers.5.attn.w_q.weight,layers.5.attn.w_q.weight;layers.5.pool.attn.w_q.weight;layers.5.readout_attn.w_q.weight,409600,16.46737723161829,42.17059191817449,40.640785442375396,2.467957396660763,False
ssra,layers.5.attn.w_k.weight,layers.5.attn.w_k.weight;layers.5.pool.attn.w_k.weight;layers.5.readout_attn.w_k.weight,409600,16.342294215515604,41.67147219902121,40.025611495628816,2.4492039469971076,False
ssra,layers.5.attn.w_v.weight,layers.5.attn.w_v.weight;layers.5.pool.attn.w_v.weight;layers.5.readout_attn.w_v.weight,409600,15.80344850595033,39.853127739138294,37.315586271201624,2.361230604646291,False
ssra,layers.5.attn.w_o.weight,layers.5.attn.w_o.weight;layers.5.pool.attn.w_o.weight;layers.5.readout_attn.w_o.weight,409600,16.007851893009978,39.98340089105648,37.564245525319336,2.3466137603210973,False
ssra,layers.5.pool.latent_q,,10240,2.3598105902671014,4.93286936852213,4.244130809022133,1.7985048573503308,True
ssra,layers.5.pool.ln_pool.weight,,640,24.89090797009031,8.55326454482081,16.560813523124818,0.6653358544824803,False
ssra,layers.5.pool.ln_pool.bias,,640,0.32610778348430997,0.3212547553756044,0.4593248305481075,1.4085061866369315,False
ssra,layers.5.ffn.fc1.weight,,1638400,33.44542712912425,105.5685028059858,96.55846014569718,2.8870452086890577,False
ssra,layers.5.ffn.fc1.bias,,2560,1.3164990114741657,2.0336164957763097,1.276454141321239,0.9695823013888282,False
ssra,layers.5.ffn.fc2.weight,,1638400,19.465011087436604,104.20059042593495,101.25305276445748,5.201797846897181,False
ssra,layers.5.ffn.fc2.bias,,640,0.340099513597508,1.0050666359120277,0.8888141024378784,2.613394218169182,False
ssra,layers.6.level_emb,,10240,1.1973274974696175,12.356648750394996,12.090250450781753,10.097697143290192,False
ssra,layers.6.ln1.weight,,640,25.21059540069017,20.926188933996187,4.620708657094095,0.18328439228244478,False
ssra,layers.6.ln1.bias,,640,0.2647068867991941,1.7326356609219944,1.5550893174168912,5.874759573582903,False
ssra,layers.6.ln2.weight,,640,25.898122198945508,23.060750933074328,3.3542075496542023,0.1295154731253363,False
ssra,layers.6.ln2.bias,,640,0.6525218475984125,3.5324256017528874,2.9860709610788843,4.576200738824348,False
ssra,layers.6.ln_node.weight,,640,24.83644356613431,10.452444221688806,14.6464189622359,0.5897148246380572,False
ssra,layers.6.ln_node.bias,,640,0.2583125145857209,0.7790676111396658,0.7657992941272804,2.964623279501041,False
ssra,layers.6.attn.w_q.weight,layers.6.attn.w_q.weight;layers.6.pool.attn.w_q.weight;layers.6.readout_attn.w_q.weight,409600,16.408297717043986,41.75828472317458,40.73929477415876,2.482847122638514,False
ssra,layers.6.attn.w_k.weight,layers.6.attn.w_k.weight;layers.6.pool.attn.w_k.weight;layers.6.readout_attn.w_k.weight,409600,16.2351051634873,40.73351180285296,39.57978198044026,2.437913495593183,False
ssra,layers.6.attn.w_v.weight,layers.6.attn.w_v.weight;layers.6.pool.attn.w_v.weight;layers.6.readout_attn.w_v.weight,409600,15.612736747337289,37.40025963597829,35.16460113971399,2.252302188193317,False
ssra,layers.6.attn.w_o.weight,layers.6.attn.w_o.weight;layers.6.pool.attn.w_o.weight;layers.6.readout_attn.w_o.weight,409600,15.81661355804752,37.34375082403566,35.32660316578055,2.2335124415938146,False
ssra,layers.6.pool.latent_q,,10240,2.400426486403792,7.837049260176861,7.225946083714683,3.0102759341487944,True
ssra,layers.6.pool.ln_pool.weight,,640,24.918084713363946,16.584628934788697,8.645592205647766,0.3469605431195522,False
ssra,layers.6.pool.ln_pool.bias,,640,0.35656562653409335,0.7904722462026184,0.7603538030718399,2.1324371910513866,False
ssra,layers.6.ffn.fc1.weight,,1638400,33.68547571155024,105.21306669414066,96.25712715623928,2.8575261332359383,False
ssra,layers.6.ffn.fc1.bias,,2560,1.3256810108449364,2.2355941469451617,1.4764423006933265,1.1137236549479583,False
ssra,layers.6.ffn.fc2.weight,,1638400,19.720112239587753,105.12612557101147,101.97310213133098,5.171020372116438,False
ssra,layers.6.ffn.fc2.bias,,640,0.33248503139777424,1.1059417879607438,0.9980721378313714,3.0018558538874807,False
ssra,layers.7.level_emb,,10240,2.0497015841038904,9.955140684325746,9.045514006232002,4.413088264351717,False
ssra,layers.7.ln1.weight,,640,25.26171600856417,16.155761329143775,9.21025133226785,0.36459325760551703,False
ssra,layers.7.ln1.bias,,640,0.20506944417464756,1.4158930816283959,1.3472084379952547,6.569523038487897,False
ssra,layers.7.ln2.weight,,640,25.98441657338134,22.64957943938712,3.795097408365908,0.146052823531687,False
ssra,layers.7.ln2.bias,,640,0.6525878680775383,3.562796078179878,3.012875075867175,4.616811349470559,False
ssra,layers.7.ln_node.weight,,640,24.893194127489064,9.641787715267855,15.511426389963201,0.6231191670511355,False
ssra,layers.7.ln_node.bias,,640,0.35448460923009767,1.9621570936162154,1.8880906815902463,5.326298046312859,False
ssra,layers.7.attn.w_q.weight,layers.7.attn.w_q.weight;layers.7.pool.attn.w_q.weight;layers.7.readout_attn.w_q.weight,409600,16.38748561609782,47.350436294029365,45.52583012437367,2.778085130988768,False
ssra,layers.7.attn.w_k.weight,layers.7.attn.w_k.weight;layers.7.pool.attn.w_k.weight;layers.7.readout_attn.w_k.weight,409600,16.239850023252643,46.77324354743166,44.87852923922202,2.7634817547553556,False
ssra,layers.7.attn.w_v.weight,layers.7.attn.w_v.weight;layers.7.pool.attn.w_v.weight;layers.7.readout_attn.w_v.weight,409600,15.832871629048022,43.28681137147369,40.07532149604128,2.531146745516238,False
ssra,layers.7.attn.w_o.weight,layers.7.attn.w_o.weight;layers.7.pool.attn.w_o.weight;layers.7.readout_attn.w_o.weight,409600,16.063357856029768,42.96197777346625,39.914061508880835,2.4847894111938826,False
ssra,layers.7.pool.latent_q,,10240,2.3678256777626006,8.271192537992595,8.044720743422303,3.3975139381983133,True
ssra,layers.7.pool.ln_pool.weight,,640,24.822717425045948,17.141751250952133,7.929479641090829,0.3194444631227216,False
ssra,layers.7.pool.ln_pool.bias,,640,0.3202897113837927,1.9998263340649196,1.9708049237367449,6.153194603791671,False
ssra,layers.7.ffn.fc1.weight,,1638400,33.88460828216425,104.4698756564275,95.48610275749574,2.8179786516155922,False
ssra,layers.7.ffn.fc1.bias,,2560,1.3109448394540812,2.2444133442484917,1.5209544742365448,1.1601971558695927,False
ssra,layers.7.ffn.fc2.weight,,1638400,20.058217499955063,107.11984360035083,103.79471679377005,5.174673013392271,False
ssra,layers.7.ffn.fc2.bias,,640,0.35357365825263326,1.1470166674618656,1.0123555189833873,2.8632096745737923,False
ssra,layers.8.level_emb,,10240,1.6532045840350622,9.96227858016427,9.235869405974208,5.586646380710936,False
ssra,layers.8.ln1.weight,,640,25.28665694266337,16.044500791222394,9.343071374921218,0.3694862233511655,False
ssra,layers.8.ln1.bias,,640,0.17752156549605816,1.2816931879800006,1.2064063239830434,6.795829681942679,False
ssra,layers.8.ln2.weight,,640,26.052750118728415,21.91003502408014,4.43231837936281,0.17012861825195838,False
ssra,layers.8.ln2.bias,,640,0.7218806508634277,3.6063503446381318,2.97184532480689,4.11680978185566,False
ssra,layers.8.ln_node.weight,,640,24.78403869588876,13.162092901922815,11.938427408302879,0.4816982233925924,False
ssra,layers.8.ln_node.bias,,640,0.3882441799358898,2.6799410114033657,2.5097308475494278,6.464310290405013,False
ssra,layers.8.attn.w_q.weight,layers.8.attn.w_q.weight;layers.8.pool.attn.w_q.weight;layers.8.readout_attn.w_q.weight,409600,16.560344620211218,46.9869528790489,45.314215412634994,2.736308721337288,False
ssra,layers.8.attn.w_k.weight,layers.8.attn.w_k.weight;layers.8.pool.attn.w_k.weight;layers.8.readout_attn.w_k.weight,409600,16.402941606281377,46.52069916962538,44.7027240950936,2.7252870349776193,False
ssra,layers.8.attn.w_v.weight,layers.8.attn.w_v.weight;layers.8.pool.attn.w_v.weight;layers.8.readout_attn.w_v.weight,409600,15.796285288375493,45.63315086219211,42.38848201577305,2.6834462180147374,False
ssra,layers.8.attn.w_o.weight,layers.8.attn.w_o.weight;layers.8.pool.attn.w_o.weight;layers.8.readout_attn.w_o.weight,409600,16.056572605904908,45.461369291427616,42.38923026559403,2.6399924383616664,False
ssra,layers.8.pool.latent_q,,10240,2.377836647573908,7.095614244101069,6.682511265939677,2.8103323551505532,True
ssra,layers.8.pool.ln_pool.weight,,640,24.869823761139987,17.213618928629675,7.913067419227246,0.3181794730524671,False
ssra,layers.8.pool.ln_pool.bias,,640,0.31818599075880466,2.2675057730819135,2.2460797134803476,7.0590151003315205,False
ssra,layers.8.ffn.fc1.weight,,1638400,34.04606424688475,103.79342714945882,94.84487991994237,2.785781029847548,False
ssra,layers.8.ffn.fc1.bias,,2560,1.3220453816003488,2.2528193147207776,1.4737933518105473,1.1147827240442427,False
ssra,layers.8.ffn.fc2.weight,,1638400,20.27861072341669,109.31585057162519,105.90562529761908,5.2225286407477975,False
ssra,layers.8.ffn.fc2.bias,,640,0.3361246703288202,1.1144253501724473,1.0120199560837593,3.010847002374839,False
ssra,layers.9.level_emb,,10240,1.6126892531581616,10.91751481396392,10.359916663065837,6.42400055855634,False
ssra,layers.9.ln1.weight,,640,25.353390160637378,17.723796153778252,7.7762733068485055,0.3067153251529109,False
ssra,layers.9.ln1.bias,,640,0.19376477158724412,1.3855597917434255,1.2828004876461303,6.620401000336324,False
ssra,layers.9.ln2.weight,,640,26.058497211666193,22.593854472996238,3.8177366451236936,0.14650640112180074,False
ssra,layers.9.ln2.bias,,640,0.7124938520493664,3.621706837795976,3.010978495007196,4.225971194483479,False
ssra,layers.9.ln_node.weight,,640,24.785667197753693,4.693060944495352,20.28024624415971,0.8182247458723925,False
ssra,layers.9.ln_node.bias,,640,0.38415210769448793,1.9428786134493792,1.9511674043584613,5.079153192907128,False
ssra,layers.9.attn.w_q.weight,layers.9.attn.w_q.weight;layers.9.pool.attn.w_q.weight;layers.9.readout_attn.w_q.weight,409600,16.600314722018695,43.928001830265046,42.560723232935196,2.5638503814920184,False
ssra,layers.9.attn.w_k.weight,layers.9.attn.w_k.weight;layers.9.pool.attn.w_k.weight;layers.9.readout_attn.w_k.weight,409600,16.42770213119213,43.56599870268045,42.125552207355256,2.5642997341283222,False
ssra,layers.9.attn.w_v.weight,layers.9.attn.w_v.weight;layers.9.pool.attn.w_v.weight;layers.9.readout_attn.w_v.weight,409600,15.818826763174254,42.356472968800944,39.44014773403949,2.4932410174599644,False
ssra,layers.9.attn.w_o.weight,layers.9.attn.w_o.weight;layers.9.pool.attn.w_o.weight;layers.9.readout_attn.w_o.weight,409600,16.140711968874925,42.46722028701177,39.779385810812,2.4645372451674317,False
ssra,layers.9.pool.latent_q,,10240,2.347450582194031,18.60176807656473,18.39650560445659,7.836802079668234,True
ssra,layers.9.pool.ln_pool.weight,,640,24.860122380318003,14.54847922896357,10.528165551249897,0.4234961272590173,False
ssra,layers.9.pool.ln_pool.bias,,640,0.34645360736621506,1.9650061353823542,1.9363901685183211,5.5891759454866365,False
ssra,layers.9.ffn.fc1.weight,,1638400,34.09536207751012,103.8331899769033,94.9384594488949,2.7844977634514674,False
ssra,layers.9.ffn.fc1.bias,,2560,1.3207008366439434,2.341325597096478,1.5463924541235952,1.1708877674774256,False
ssra,layers.9.ffn.fc2.weight,,1638400,20.437608365197892,110.86751079042556,107.38331375881728,5.254201560182285,False
ssra,layers.9.ffn.fc2.bias,,640,0.336092971028019,1.1484706083463145,1.0543588500016259,3.137104732588196,False
ssra,layers.10.level_emb,,10240,1.5163594913209044,11.115616091663767,10.435987103271655,6.88226450456075,False
ssra,layers.10.ln1.weight,,640,25.3914293494377,16.042330490457964,9.460677136733485,0.37259332692678815,False
ssra,layers.10.ln1.bias,,640,0.19212539631392095,1.1975750369983527,1.1011580444405582,5.7314549016796015,False
ssra,layers.10.ln2.weight,,640,25.990315202461126,22.725076065495145,3.5756374444256434,0.1375757629937113,False
ssra,layers.10.ln2.bias,,640,0.606100147764987,3.5296528467522577,3.0080229082990626,4.962913999264379,False
ssra,layers.10.ln_node.weight,,640,24.82734892709043,16.042435379491646,9.09567017789984,0.3663568834759911,False
ssra,layers.10.ln_node.bias,,640,0.40174505249304415,2.558599388911596,2.392025196149211,5.954087502273912,False
ssra,layers.10.attn.w_q.weight,layers.10.attn.w_q.weight;layers.10.pool.attn.w_q.weight;layers.10.readout_attn.w_q.weight,409600,16.70376151489597,44.7726460329622,43.45738399677828,2.601652565383201,False
ssra,layers.10.attn.w_k.weight,layers.10.attn.w_k.weight;layers.10.pool.attn.w_k.weight;layers.10.readout_attn.w_k.weight,409600,16.494691301673072,44.239221309004094,42.76467105391411,2.5926323974051244,False
ssra,layers.10.attn.w_v.weight,layers.10.attn.w_v.weight;layers.10.pool.attn.w_v.weight;layers.10.readout_attn.w_v.weight,409600,15.849818913297156,46.316197117325636,43.134531864924355,2.721452661439354,False
ssra,layers.10.attn.w_o.weight,layers.10.attn.w_o.weight;layers.10.pool.attn.w_o.weight;layers.10.readout_attn.w_o.weight,409600,16.164773133898883,46.07560947455185,43.23400509385453,2.674581618667397,False
ssra,layers.10.pool.latent_q,,10240,2.4144874755359083,6.375620854816744,6.149217826382096,2.546800465393694,True
ssra,layers.10.pool.ln_pool.weight,,640,24.720276101148865,15.90675959630337,9.024137543466745,0.3650500304504023,False
ssra,layers.10.pool.ln_pool.bias,,640,0.35967260683103797,1.880742941771674,1.8967220444635973,5.273468171999579,False
ssra,layers.10.ffn.fc1.weight,,1638400,34.07344442745644,103.68441753548328,94.98041541393223,2.7875202231505796,False
ssra,layers.10.ffn.fc1.bias,,2560,1.3436046141307485,2.413225935652563,1.6180192279525523,1.2042376238781658,False
ssra,layers.10.ffn.fc2.weight,,1638400,20.566183538531643,112.5099626765313,109.00527570227668,5.300218949133199,False
ssra,layers.10.ffn.fc2.bias,,640,0.3465477226252275,1.2059743715816227,1.1642333148739257,3.35951800823975,False
ssra,layers.11.level_emb,,10240,1.828596665428116,12.383951612527675,11.581177461909755,6.333369015084767,False
ssra,layers.11.ln1.weight,,640,25.37244592937831,16.17592840993908,9.285174845805816,0.36595505500928766,False
ssra,layers.11.ln1.bias,,640,0.1957885426189443,1.1508772150961952,1.1153527574402162,5.696721281648152,False
ssra,layers.11.ln2.weight,,640,25.935450867043286,23.628460769070514,2.718199758775919,0.1048063429747424,False
ssra,layers.11.ln2.bias,,640,0.6456482920993185,3.7351862084670984,3.1827974633654375,4.929614934807007,False
ssra,layers.11.ln_node.weight,,640,24.83025353028691,16.10034838174325,9.123085164787025,0.3674181237682114,False
ssra,layers.11.ln_node.bias,,640,0.38382980244741344,3.187658759786424,3.020619489545547,7.869684610953019,False
ssra,layers.11.attn.w_q.weight,layers.11.attn.w_q.weight;layers.11.pool.attn.w_q.weight;layers.11.readout_attn.w_q.weight,409600,16.653434415403197,44.36159950695185,42.92820809522782,2.5777390431563116,False
ssra,layers.11.attn.w_k.weight,layers.11.attn.w_k.weight;layers.11.pool.attn.w_k.weight;layers.11.readout_attn.w_k.weight,409600,16.4805453161093,43.97416205713404,42.57283054575416,2.583217346827737,False
ssra,layers.11.attn.w_v.weight,layers.11.attn.w_v.weight;layers.11.pool.attn.w_v.weight;layers.11.readout_attn.w_v.weight,409600,15.855175349973278,46.99259348710929,43.943571826505874,2.7715601282567928,False
ssra,layers.11.attn.w_o.weight,layers.11.attn.w_o.weight;layers.11.pool.attn.w_o.weight;layers.11.readout_attn.w_o.weight,409600,16.079627040812962,46.396780231738894,43.52589482717119,2.706897039134969,False
ssra,layers.11.pool.latent_q,,10240,2.3507397708813245,6.569244780064475,6.2945033992989705,2.677669164945074,True
ssra,layers.11.pool.ln_pool.weight,,640,24.647188461738743,13.295349710392026,11.580609262846888,0.46985518371899243,False
ssra,layers.11.pool.ln_pool.bias,,640,0.37241221508082945,1.582706557833868,1.5691825673379003,4.213563636727974,False
ssra,layers.11.ffn.fc1.weight,,1638400,34.02118021078812,104.40819925541055,95.65805080935883,2.81172052870246,False
ssra,layers.11.ffn.fc1.bias,,2560,1.3094876531548314,2.5103000175678467,1.7275435305693392,1.3192514846606787,False
ssra,layers.11.ffn.fc2.weight,,1638400,20.692037687666293,113.57417635657717,110.09789367371457,5.320785479689106,False
ssra,layers.11.ffn.fc2.bias,,640,0.34114921038453855,1.5273509316803604,1.5304406910848696,4.486132884082536,False
ssra,layers.12.level_emb,,10240,1.4836729416227663,10.794038332266389,10.441231376105886,7.037421174969866,False
ssra,layers.12.ln1.weight,,640,25.14341097793209,17.016384912150595,8.351730405116616,0.33216377890998067,False
ssra,layers.12.ln1.bias,,640,0.24535917913235467,1.3642781023718322,1.2228812890115586,4.9840454037054664,False
ssra,layers.12.ln2.weight,,640,25.79834941962041,24.352309294543506,2.014002465550627,0.07806710548772233,False
ssra,layers.12.ln2.bias,,640,0.6186007184449315,3.338037087327388,2.8343505848684716,4.5818740592374345,False
ssra,layers.12.ln_node.weight,,640,24.865052954794024,6.976188879898421,18.095636628983566,0.7277537941255298,False
ssra,layers.12.ln_node.bias,,640,0.3365753913028702,1.0524708865752672,1.0385664693984547,3.085687475184102,False
ssra,layers.12.attn.w_q.weight,layers.12.attn.w_q.weight;layers.12.pool.attn.w_q.weight;layers.12.readout_attn.w_q.weight,409600,16.482916580641835,41.43305262237626,40.363588475341956,2.448813489886037,False
ssra,layers.12.attn.w_k.weight,layers.12.attn.w_k.weight;layers.12.pool.attn.w_k.weight;layers.12.readout_attn.w_k.weight,409600,16.31953589765852,41.31383377416778,40.237019687032706,2.465573772401567,False
ssra,layers.12.attn.w_v.weight,layers.12.attn.w_v.weight;layers.12.pool.attn.w_v.weight;layers.12.readout_attn.w_v.weight,409600,15.581089398100566,43.9190879098017,41.36844449427075,2.655041854731533,False
ssra,layers.12.attn.w_o.weight,layers.12.attn.w_o.weight;layers.12.pool.attn.w_o.weight;layers.12.readout_attn.w_o.weight,409600,15.796011899033488,43.78887685709341,41.78381778456878,2.645213111489579,False
ssra,layers.12.pool.latent_q,,10240,2.4724265324666117,7.662965419244973,6.903047596423537,2.792013233063279,True
ssra,layers.12.pool.ln_pool.weight,,640,24.72438478706952,11.140819569369127,13.702012570407247,0.5541902331811788,False
ssra,layers.12.pool.ln_pool.bias,,640,0.3759178342721468,1.5712626677326946,1.5578345841265833,4.144082674722967,False
ssra,layers.12.ffn.fc1.weight,,1638400,33.85643694722322,104.84792716815551,96.2657520436749,2.8433515373675564,False
ssra,layers.12.ffn.fc1.bias,,2560,1.3449396066225299,2.5979720521320906,1.799736093893115,1.3381538360764687,False
ssra,layers.12.ffn.fc2.weight,,1638400,20.63878100651227,112.9072808624984,109.6639767893274,5.3134909835384425,False
ssra,layers.12.ffn.fc2.bias,,640,0.3408044917428363,1.6736019716296682,1.7381219319531576,5.100055821050349,False
ssra,layers.13.level_emb,,10240,1.7814109607422954,12.572547384207189,12.009539992190556,6.741588693934108,False
ssra,layers.13.ln1.weight,,640,25.189633528222014,17.96137351837824,7.610551277403369,0.30213028978276496,False
ssra,layers.13.ln1.bias,,640,0.182994282172521,1.3934921816817007,1.3497416467507666,7.375867872627159,False
ssra,layers.13.ln2.weight,,640,25.641703182020635,25.54843071266085,1.1304988496473847,0.044088290142913135,False
ssra,layers.13.ln2.bias,,640,0.5201994786567946,2.425854716176294,2.0957871384623763,4.0288143768884614,False
ssra,layers.13.ln_node.weight,,640,24.877194591271486,14.744168562472847,11.171221266129326,0.4490547045063074,False
ssra,layers.13.ln_node.bias,,640,0.3311454124397706,1.11342708336756,1.1022232365052742,3.3285173071988394,False
ssra,layers.13.attn.w_q.weight,layers.13.attn.w_q.weight;layers.13.pool.attn.w_q.weight;layers.13.readout_attn.w_q.weight,409600,16.483752528394263,39.501681030251305,38.66803018516823,2.345826905527743,False
ssra,layers.13.attn.w_k.weight,layers.13.attn.w_k.weight;layers.13.pool.attn.w_k.weight;layers.13.readout_attn.w_k.weight,409600,16.327886966668952,39.13467140272408,38.26102333828467,2.3432930063999757,False
ssra,layers.13.attn.w_v.weight,layers.13.attn.w_v.weight;layers.13.pool.attn.w_v.weight;layers.13.readout_attn.w_v.weight,409600,15.641461788759724,48.357187527198704,46.21467866589023,2.954626574550791,False
ssra,layers.13.attn.w_o.weight,layers.13.attn.w_o.weight;layers.13.pool.attn.w_o.weight;layers.13.readout_attn.w_o.weight,409600,15.797799069284665,47.131622172835925,45.317133997224275,2.868572628280445,False
ssra,layers.13.pool.latent_q,,10240,2.465558894575909,4.731127971062627,3.7799609235704286,1.5331051032226932,True
ssra,layers.13.pool.ln_pool.weight,,640,24.611354837594245,6.491301734743124,18.393087601760822,0.7473415308963439,False
ssra,layers.13.pool.ln_pool.bias,,640,0.323968648036173,0.25292654266156933,0.4244878309408589,1.3102744154843724,False
ssra,layers.13.ffn.fc1.weight,,1638400,33.67011774846269,105.98849215466838,97.84843065719947,2.906091133633385,False
ssra,layers.13.ffn.fc1.bias,,2560,1.3174055497798258,2.6237081308573647,1.891013036432813,1.4354069153184095,False
ssra,layers.13.ffn.fc2.weight,,1638400,20.60654334066703,110.90403182182374,108.3334922888997,5.257237494806005,False
ssra,layers.13.ffn.fc2.bias,,640,0.3377322903047159,1.9025684379826517,1.9540015384237084,5.785652111205382,False
ssra,layers.14.level_emb,,10240,2.038280754921964,13.012571586628674,12.132862061364795,5.952497972650144,False
ssra,layers.14.ln1.weight,,640,25.337887044346157,17.448472531770168,8.20155360948064,0.32368735384787023,False
ssra,layers.14.ln1.bias,,640,0.23598418720985614,1.367370459911953,1.3764610518805518,5.832852904913039,False
ssra,layers.14.ln2.weight,,640,25.44025940808218,21.958132756603625,3.6561643402044615,0.14371568628906847,False
ssra,layers.14.ln2.bias,,640,0.36939673762413283,2.0915693715393195,1.8462235665141962,4.997942262264261,False
ssra,layers.14.ln_node.weight,,640,24.69596565275068,13.260683317553172,12.266081388972859,0.49668361065308825,False
ssra,layers.14.ln_node.bias,,640,0.5945960779518954,5.032455931062095,4.8411237568026655,8.14186964279695,False
ssra,layers.14.attn.w_q.weight,layers.14.attn.w_q.weight;layers.14.pool.attn.w_q.weight;layers.14.readout_attn.w_q.weight,409600,16.66549703322531,41.337452669379374,40.20520583870069,2.4124816534751554,False
ssra,layers.14.attn.w_k.weight,layers.14.attn.w_k.weight;layers.14.pool.attn.w_k.weight;layers.14.readout_attn.w_k.weight,409600,16.436633384406992,41.352230213004816,40.16678235154955,2.4437353691696218,False
ssra,layers.14.attn.w_v.weight,layers.14.attn.w_v.weight;layers.14.pool.attn.w_v.weight;layers.14.readout_attn.w_v.weight,409600,15.719482611957927,52.07244463827459,49.32100892991137,3.1375720274910646,False
ssra,layers.14.attn.w_o.weight,layers.14.attn.w_o.weight;layers.14.pool.attn.w_o.weight;layers.14.readout_attn.w_o.weight,409600,15.886678131755318,49.86058861356825,47.82497785789534,3.010382501694907,False
ssra,layers.14.pool.latent_q,,10240,2.3441799845172713,7.248026388928706,6.767766811970376,2.887050847916884,True
ssra,layers.14.pool.ln_pool.weight,,640,24.654870083440553,10.014165633090961,15.080473090233092,0.6116630523379595,False
ssra,layers.14.pool.ln_pool.bias,,640,0.278675901972552,1.7791218463340022,1.7689045260754737,6.347533150712475,False
ssra,layers.14.ffn.fc1.weight,,1638400,33.24623505289726,104.52103809428257,97.50993767331839,2.9329618081016613,False
ssra,layers.14.ffn.fc1.bias,,2560,1.3491408804998735,3.399990509193972,2.701678329660786,2.0025175789349596,False
ssra,layers.14.ffn.fc2.weight,,1638400,20.39859809712724,109.9314897164446,107.31153265515434,5.260730769055504,False
ssra,layers.14.ffn.fc2.bias,,640,0.3261138843990513,1.1637880747230154,1.1567997776634802,3.5472263923849217,False
ssra,ln_f.weight,,640,30.355217995914767,65.3615728475208,35.72956379745721,1.17704849961103,False
ssra,ln_f.bias,,640,1.381458520247143,2.181085730204289,2.5432137004475526,1.8409627673747102,False
flat,emb.weight,,10485760,95.2978723588668,226.4881243206082,233.51937607051977,2.450415421565206,False
flat,layers.0.ln1.weight,,640,24.618207252560584,15.879738209963488,9.260498815317137,0.37616462971136677,False
flat,layers.0.ln1.bias,,640,0.21585755730543724,3.366181905780844,3.408705586868191,15.791458170004637,False
flat,layers.0.ln2.weight,,640,25.522460902669856,16.7870040110783,9.016752410728017,0.3532869516428485,False
flat,layers.0.ln2.bias,,640,0.08939228431782657,2.1065919672621853,2.1103892585035298,23.608181339233063,False
flat,layers.0.attn.w_q.weight,,409600,15.492609463311096,47.06757660332751,44.61840693959558,2.879980099237568,False
flat,layers.0.attn.w_k.weight,,409600,15.481353445800305,46.44074826610877,44.08346588616129,2.8475201499982554,False
flat,layers.0.attn.w_v.weight,,409600,14.878204312068153,41.7520805986765,37.46489446103117,2.518105926979527,False
flat,layers.0.attn.w_o.weight,,409600,14.758955080061057,43.418084576496106,39.209568176713795,2.6566628846025044,False
flat,layers.0.ffn.fc1.weight,,1638400,32.43497066850439,100.38894599255711,91.79377756960186,2.8300866526985073,False
flat,layers.0.ffn.fc1.bias,,2560,1.2092358080813244,3.1583227001845153,2.76755058425656,2.288677333040434,False
flat,layers.0.ffn.fc2.weight,,1638400,19.447980222315003,85.09574083146033,82.14764401689378,4.223967891670104,False
flat,layers.0.ffn.fc2.bias,,640,0.3194236242720038,1.8943614329746785,1.81229442775833,5.673639299186832,False
flat,layers.1.ln1.weight,,640,24.86111863594679,9.252643826073735,15.836160103232363,0.6369850180568623,False
flat,layers.1.ln1.bias,,640,0.19184340735464644,1.6914696991334994,1.6627928709206077,8.667448591791992,False
flat,layers.1.ln2.weight,,640,25.479722267559612,21.564731750047994,5.963737272680967,0.23405817418480673,False
flat,layers.1.ln2.bias,,640,0.2838890556845881,3.665563969544107,3.4959080025893488,12.31434580723478,False
flat,layers.1.attn.w_q.weight,,409600,15.535150580961272,45.486117203812356,43.093950463455045,2.773964129853224,False
flat,layers.1.attn.w_k.weight,,409600,15.56396378257295,45.86901288111993,43.2503600539408,2.7788782252480213,False
flat,layers.1.attn.w_v.weight,,409600,15.719659263630549,38.60706451895904,34.71915367745153,2.208645435323064,False
flat,layers.1.attn.w_o.weight,,409600,15.814347751018758,37.64727708133781,34.638787265077674,2.190339292548202,False
flat,layers.1.ffn.fc1.weight,,1638400,32.57715113792989,106.85581639221373,98.25566379016725,3.0160913510870886,False
flat,layers.1.ffn.fc1.bias,,2560,1.247237941624861,1.895723244284027,1.2927444952409608,1.0364858637613408,False
flat,layers.1.ffn.fc2.weight,,1638400,19.070317569497348,92.580673162521,90.77543103986628,4.7600377240209175,False
flat,layers.1.ffn.fc2.bias,,640,0.31791330975144627,1.4120252865858587,1.3290985786001068,4.180694981406202,False
flat,layers.2.ln1.weight,,640,24.788186921207735,15.468385893094094,9.600274878656977,0.3872923384502714,False
flat,layers.2.ln1.bias,,640,0.22054980700517415,2.1038981915810018,1.9518836789720775,8.850081101754425,False
flat,layers.2.ln2.weight,,640,25.510109287822402,22.92834022808712,4.406368105686236,0.1727302715943156,False
flat,layers.2.ln2.bias,,640,0.37415109949388303,3.1415602380996273,2.851100982376049,7.620186032415125,False
flat,layers.2.attn.w_q.weight,,409600,15.784314342370113,48.23725160374844,46.200176161493594,2.9269675678897022,False
flat,layers.2.attn.w_k.weight,,409600,15.684962332201062,47.609240870443664,45.47501354498695,2.8992746416500617,False
flat,layers.2.attn.w_v.weight,,409600,15.304442873269542,36.49614298965723,33.079946417956855,2.1614603479446926,False
flat,layers.2.attn.w_o.weight,,409600,15.319671453313093,35.1063737806501,33.323881386915225,2.1752347293132366,False
flat,layers.2.ffn.fc1.weight,,1638400,32.73883696290722,110.48080692555884,101.50868899823901,3.100558798507331,False
flat,layers.2.ffn.fc1.bias,,2560,1.2564482983790901,1.696303102525189,0.979742333234303,0.7797713081375828,False
flat,layers.2.ffn.fc2.weight,,1638400,19.06642313918754,98.05199880721942,95.80387973430194,5.024743185175337,False
flat,layers.2.ffn.fc2.bias,,640,0.3067614762660686,1.3598854227538557,1.2621480092504358,4.114428006454486,False
flat,layers.3.ln1.weight,,640,24.854656644585745,17.182600044665367,7.9937610095652545,0.32162025506421904,False
flat,layers.3.ln1.bias,,640,0.2649574968103934,2.0499750238068453,1.8522040284454004,6.990570377296623,False
flat,layers.3.ln2.weight,,640,25.614299648721392,23.6624161462476,3.7959082252534198,0.14819488634517097,False
flat,layers.3.ln2.bias,,640,0.47616251413096977,3.2012746226661175,2.8209665668664115,5.924377671801559,False
flat,layers.3.attn.w_q.weight,,409600,15.945850489126228,48.13005857850679,46.04252735476518,2.887430017367994,False
flat,layers.3.attn.w_k.weight,,409600,15.868055782322246,47.39293749675862,45.100740621532715,2.842234816931829,False
flat,layers.3.attn.w_v.weight,,409600,15.425027791059662,38.48647847794629,35.059214549268354,2.272878533780578,False
flat,layers.3.attn.w_o.weight,,409600,15.39890600100446,36.69214521678229,34.51866137823534,2.2416307610413178,False
flat,layers.3.ffn.fc1.weight,,1638400,32.993568648397535,109.59204397996513,100.40533113591005,3.0431788754317317,False
flat,layers.3.ffn.fc1.bias,,2560,1.2965273334179437,1.8333348825249745,1.0787835527364962,0.8320561587333258,False
flat,layers.3.ffn.fc2.weight,,1638400,19.222145892938304,99.53601941917701,96.95862935192787,5.044110573916091,False
flat,layers.3.ffn.fc2.bias,,640,0.3109015650070781,1.3909788699829255,1.2979541471301845,4.17480737705722,False
flat,layers.4.ln1.weight,,640,24.81758406682392,16.028623003400792,9.073970856430403,0.36562667953487316,False
flat,layers.4.ln1.bias,,640,0.2633838799129818,1.972424430995842,1.7765679416037752,6.745165809656717,False
flat,layers.4.ln2.weight,,640,25.66585889181843,23.491079595911398,3.4760970780026987,0.13543661611537897,False
flat,layers.4.ln2.bias,,640,0.4970351270538799,3.048556808022501,2.644132844727092,5.31981081578659,False
flat,layers.4.attn.w_q.weight,,409600,16.068814705970492,52.680442498886265,50.51734612179382,3.143812847815322,False
flat,layers.4.attn.w_k.weight,,409600,15.943848369224574,51.996723124151856,49.61669795843194,3.111964991727091,False
flat,layers.4.attn.w_v.weight,,409600,15.371823725650342,40.37774202280573,36.89841522704025,2.400392815165409,False
flat,layers.4.attn.w_o.weight,,409600,15.335538626341902,38.665245583770385,36.26706555018772,2.364903276882083,False
flat,layers.4.ffn.fc1.weight,,1638400,33.134831947612604,108.65270109592944,99.61976891810814,3.0064968814572737,False
flat,layers.4.ffn.fc1.bias,,2560,1.3022058204123623,1.9016291723285594,1.1285974864611985,0.8666813408219999,False
flat,layers.4.ffn.fc2.weight,,1638400,19.274391881793083,101.2023854285355,98.55098092488252,5.113052672648804,False
flat,layers.4.ffn.fc2.bias,,640,0.32217982059938866,1.32968612149781,1.2239142986607034,3.7988546159834375,False
flat,layers.5.ln1.weight,,640,24.86191480327407,15.097403346286159,9.997152804608438,0.40210711378079017,False
flat,layers.5.ln1.bias,,640,0.2535326575615591,1.7588467781447332,1.583783797874292,6.246863079127156,False
flat,layers.5.ln2.weight,,640,25.79640085442432,23.672924819037156,3.201809197266303,0.12411844641951916,False
flat,layers.5.ln2.bias,,640,0.5644905786413318,2.924277127185864,2.46393438613018,4.364881327267862,False
flat,layers.5.attn.w_q.weight,,409600,16.073178005304722,51.579089200490706,49.53076917934541,3.0815790855422924,False
flat,layers.5.attn.w_k.weight,,409600,15.970121733961468,50.71702868444684,48.48511747427697,3.0359892229982393,False
flat,layers.5.attn.w_v.weight,,409600,15.413829882280666,43.04892201122095,39.4854524811516,2.561689909822025,False
flat,layers.5.attn.w_o.weight,,409600,15.456769540205414,41.12034664472676,38.550061954249884,2.494056850234798,False
flat,layers.5.ffn.fc1.weight,,1638400,33.448118361304374,108.13160210736253,99.02404478346413,2.960526619578803,False
flat,layers.5.ffn.fc1.bias,,2560,1.2928119641437836,1.9788518114479288,1.2742606574816124,0.9856504215797094,False
flat,layers.5.ffn.fc2.weight,,1638400,19.507261743308447,101.41402241704932,98.58130397612604,5.053569551346296,False
flat,layers.5.ffn.fc2.bias,,640,0.32479230872296255,1.2473824569624525,1.1478546366196345,3.5341188993447434,False
flat,layers.6.ln1.weight,,640,24.921455432217698,16.837025929604604,8.274982308108283,0.33204249770302896,False
flat,layers.6.ln1.bias,,640,0.2550613603478811,1.7058280176864409,1.5386636125715454,6.032523352313907,False
flat,layers.6.ln2.weight,,640,25.87110176795223,21.401761587739976,4.960727467407215,0.1917478239582477,False
flat,layers.6.ln2.bias,,640,0.6116767962637389,3.2620210304528725,2.76476546092266,4.51997767090476,False
flat,layers.6.attn.w_q.weight,,409600,16.1629356656337,50.31172166639889,48.48934245091734,3.0000331285125004,False
flat,layers.6.attn.w_k.weight,,409600,16.012733542620175,49.7113586230735,47.580007195309996,2.9713856830671053,False
flat,layers.6.attn.w_v.weight,,409600,15.559345746193276,44.444044826457464,41.16161637378407,2.645459330052782,False
flat,layers.6.attn.w_o.weight,,409600,15.687422398699848,43.33125872227748,40.602626219793976,2.5882280203763153,False
flat,layers.6.ffn.fc1.weight,,1638400,33.60612734974216,106.98595232897054,98.32916111866844,2.925929551338883,False
flat,layers.6.ffn.fc1.bias,,2560,1.31660825242403,1.9960279596036066,1.2830359209771607,0.9745008954751281,False
flat,layers.6.ffn.fc2.weight,,1638400,19.632832646341704,102.40949200580394,99.77608743936597,5.082103496560788,False
flat,layers.6.ffn.fc2.bias,,640,0.32302091397708715,1.0345422043357335,0.9525787444219463,2.948969256181089,False
flat,layers.7.ln1.weight,,640,24.992642555650317,18.3335616250819,6.87090368232328,0.2749170547701812,False
flat,layers.7.ln1.bias,,640,0.2534665068493553,1.5046635503065866,1.3517490796398144,5.333048127116889,False
flat,layers.7.ln2.weight,,640,25.97380873734144,20.75589318949867,5.562699278177953,0.2141657134088578,False
flat,layers.7.ln2.bias,,640,0.6408477537462668,3.370949995286997,2.84754075145877,4.4433966333073975,False
flat,layers.7.attn.w_q.weight,,409600,16.241530265495225,45.46298242613352,43.93880851553762,2.7053367384281923,False
flat,layers.7.attn.w_k.weight,,409600,16.098612610346056,44.341582157346636,42.54150378876624,2.6425571456652235,False
flat,layers.7.attn.w_v.weight,,409600,15.540367943372688,45.06259219722929,41.748126109645504,2.6864309945408547,False
flat,layers.7.attn.w_o.weight,,409600,15.714416176286498,44.08186143510918,41.36464426202251,2.632273690475561,False
flat,layers.7.ffn.fc1.weight,,1638400,33.831223053299354,105.30552630024448,96.5808557448513,2.854784634675877,False
flat,layers.7.ffn.fc1.bias,,2560,1.3438628104695172,2.0427765829171807,1.263743725108981,0.9403814997063991,False
flat,layers.7.ffn.fc2.weight,,1638400,19.904387223806943,103.24238533129198,100.4345246262472,5.045848611009786,False
flat,layers.7.ffn.fc2.bias,,640,0.32030094488527633,1.0078095528291184,0.9174959984832692,2.864481086098241,False
flat,layers.8.ln1.weight,,640,25.10401975781503,20.160075119083533,5.234882203615916,0.20852764832557408,False
flat,layers.8.ln1.bias,,640,0.2412804121980259,1.4784661078911385,1.3691557568701591,5.674541685325259,False
flat,layers.8.ln2.weight,,640,26.071213135847277,22.114692107394994,4.441930057785666,0.170376807348413,False
flat,layers.8.ln2.bias,,640,0.7008030550727431,3.6758127627671877,3.1000335163868304,4.423544523596645,False
flat,layers.8.attn.w_q.weight,,409600,16.329862459140106,43.14762354355216,42.11522365737397,2.5790311316309555,False
flat,layers.8.attn.w_k.weight,,409600,16.175915728998667,41.93443761942248,40.585913164055185,2.509033420055259,False
flat,layers.8.attn.w_v.weight,,409600,15.594124286426803,49.64926371795446,46.25658147010289,2.9662827242158656,False
flat,layers.8.attn.w_o.weight,,409600,15.807937778588638,48.186362501635216,45.67619513571246,2.8894467941023563,False
flat,layers.8.ffn.fc1.weight,,1638400,34.031730913445294,104.37001700974571,95.43883740026739,2.8044073821282276,False
flat,layers.8.ffn.fc1.bias,,2560,1.3451298041436985,2.151849454929734,1.3931075920432314,1.035667775520055,False
flat,layers.8.ffn.fc2.weight,,1638400,20.13097975835296,106.23007433165556,103.01510584962203,5.117242532961065,False
flat,layers.8.ffn.fc2.bias,,640,0.3157406871262308,1.2045355627681598,1.1143423353097517,3.5292959721223567,False
flat,layers.9.ln1.weight,,640,25.174359675894706,17.41996327228254,7.910131474857587,0.3142138102694943,False
flat,layers.9.ln1.bias,,640,0.20170072238757242,1.361306009843336,1.2447763090060067,6.171402334465324,False
flat,layers.9.ln2.weight,,640,26.08300500872646,22.421031239867375,4.14586357231574,0.15894884699553136,False
flat,layers.9.ln2.bias,,640,0.6340967300799023,3.4864036538973044,2.959059306633956,4.666573988263724,False
flat,layers.9.attn.w_q.weight,,409600,16.46114190546056,43.843665609016824,42.68500083003889,2.5930765359527843,False
flat,layers.9.attn.w_k.weight,,409600,16.22266723806582,43.2050787976504,41.80107265783531,2.576707766017096,False
flat,layers.9.attn.w_v.weight,,409600,15.720745215605339,50.28607981844104,46.84667414795025,2.9799270648726934,False
flat,layers.9.attn.w_o.weight,,409600,16.053021125354263,49.47000733341749,46.54448745823565,2.8994223015581118,False
flat,layers.9.ffn.fc1.weight,,1638400,34.127956787283594,104.0812645568274,95.22561422128804,2.7902524260336037,False
flat,layers.9.ffn.fc1.bias,,2560,1.3134488417095624,2.1442654498130334,1.4211013062358075,1.0819616730455421,False
flat,layers.9.ffn.fc2.weight,,1638400,20.326421081774452,108.6031821746645,105.32506723137512,5.181682835736101,False
flat,layers.9.ffn.fc2.bias,,640,0.3356401978089221,1.2022261888589836,1.0799320639948533,3.217528982060879,False
flat,layers.10.ln1.weight,,640,25.107187361348,18.47709677002575,6.805897743109335,0.2710736828127102,False
flat,layers.10.ln1.bias,,640,0.2413323668673947,1.323122983038489,1.1957275134780592,4.954691859194658,False
flat,layers.10.ln2.weight,,640,26.058067067790553,22.683587299116464,3.8312087727482886,0.14702582362618558,False
flat,layers.10.ln2.bias,,640,0.5863640529983034,3.1186370910886505,2.65425116645386,4.5266266799297465,False
flat,layers.10.attn.w_q.weight,,409600,16.487437269939225,42.616280255313335,41.84705607501052,2.5381176825647915,False
flat,layers.10.attn.w_k.weight,,409600,16.193120891290977,41.79672835862298,40.7007728563799,2.513460692945835,False
flat,layers.10.attn.w_v.weight,,409600,15.694930670648853,52.95494352674718,49.629217179232356,3.16211764299438,False
flat,layers.10.attn.w_o.weight,,409600,15.992591026546775,52.42250521343118,49.61691166523263,3.102493622382479,False
flat,layers.10.ffn.fc1.weight,,1638400,34.14065865083164,103.70042541264543,95.04132770856327,2.783816465891414,False
flat,layers.10.ffn.fc1.bias,,2560,1.3085035230069573,2.24052485957711,1.517573691486581,1.1597780707530523,False
flat,layers.10.ffn.fc2.weight,,1638400,20.412050496853915,110.44340716460485,107.02491968102325,5.243222365020059,False
flat,layers.10.ffn.fc2.bias,,640,0.33246100973318565,1.2573155150408184,1.1676800056555998,3.5122314240479313,False
flat,layers.11.ln1.weight,,640,25.314133102529162,17.252424768825172,8.20017144700572,0.32393649088407583,False
flat,layers.11.ln1.bias,,640,0.16526627655861795,1.1707919250600696,1.1492310139849782,6.953814401314716,False
flat,layers.11.ln2.weight,,640,26.027519113215142,23.596138926335833,2.9822018306605824,0.1145787970681542,False
flat,layers.11.ln2.bias,,640,0.5103189809707737,3.249604802054787,2.842517660998647,5.570080218437809,False
flat,layers.11.attn.w_q.weight,,409600,16.542486599596423,42.67415743034963,41.81985619403434,2.528027206928769,False
flat,layers.11.attn.w_k.weight,,409600,16.27525368331805,42.417992926259075,41.05757602288737,2.5226996040602994,False
flat,layers.11.attn.w_v.weight,,409600,15.881001594402253,53.97971736880482,50.455390622031246,3.177091213177373,False
flat,layers.11.attn.w_o.weight,,409600,16.144376031228806,52.65900979626484,49.52662976050153,3.0677326683112374,False
flat,layers.11.ffn.fc1.weight,,1638400,34.188200826375436,104.29514836653112,95.67989970132848,2.798623425293371,False
flat,layers.11.ffn.fc1.bias,,2560,1.3462373965507075,2.4415932240146483,1.6980195507101659,1.2613076676229504,False
flat,layers.11.ffn.fc2.weight,,1638400,20.692411011884527,113.36489508956438,109.94109206651302,5.313111749199704,False
flat,layers.11.ffn.fc2.bias,,640,0.3341476160499008,1.2366592632752234,1.1688996789621662,3.498153578888935,False
flat,layers.12.ln1.weight,,640,25.451749377545415,16.930409745195234,8.663753495633468,0.3403991359146806,False
flat,layers.12.ln1.bias,,640,0.2861170292077585,1.089324980288356,1.1691592185099025,4.086297211135026,False
flat,layers.12.ln2.weight,,640,26.000580522355122,24.688692235385638,2.094541455989099,0.08055748809870712,False
flat,layers.12.ln2.bias,,640,0.5188761174206679,3.045419805724139,2.6377008108388544,5.083488567465506,False
flat,layers.12.attn.w_q.weight,,409600,16.70650348089013,42.781768414181904,41.61448301666083,2.490915173498865,False
flat,layers.12.attn.w_k.weight,,409600,16.35121005430184,42.433839133880085,40.79814543787287,2.4951147531212396,False
flat,layers.12.attn.w_v.weight,,409600,16.135290719182198,52.37341829913511,48.672334375170564,3.016514249557784,False
flat,layers.12.attn.w_o.weight,,409600,16.540621969271452,51.81306118267602,48.78096245027272,2.94916131575319,False
flat,layers.12.ffn.fc1.weight,,1638400,34.21850172477628,105.1260467790018,96.65342607510115,2.8245955025295038,False
flat,layers.12.ffn.fc1.bias,,2560,1.2967555149197671,2.519166081668058,1.824754693014005,1.4071694101311814,False
flat,layers.12.ffn.fc2.weight,,1638400,21.205731901274678,114.65526530503051,111.22578634755752,5.245081229234617,False
flat,layers.12.ffn.fc2.bias,,640,0.3344593286056504,1.2739016745245402,1.2152143243072506,3.6333695022753227,False
flat,layers.13.ln1.weight,,640,25.403366887648506,16.200583434877878,9.330091503668879,0.36727775278501795,False
flat,layers.13.ln1.bias,,640,0.27896033046701607,1.0400846387061098,1.1180650938511296,4.007971642345499,False
flat,layers.13.ln2.weight,,640,25.845066089564167,26.34402321486739,1.5460614206098795,0.05982037017247771,False
flat,layers.13.ln2.bias,,640,0.5007171027207834,2.542822350136931,2.1963369232800902,4.386382872375823,False
flat,layers.13.attn.w_q.weight,,409600,16.79519722431077,44.40848451140928,42.86901835542525,2.5524569781992827,False
flat,layers.13.attn.w_k.weight,,409600,16.44112486264385,44.376224948820315,42.60629296589377,2.5914463470014897,False
flat,layers.13.attn.w_v.weight,,409600,16.058061513010202,51.550195633931786,47.88387275556936,2.981921118982759,False
flat,layers.13.attn.w_o.weight,,409600,16.438868745272337,50.75910602768093,47.70152778092187,2.901752457549147,False
flat,layers.13.ffn.fc1.weight,,1638400,34.05828689840305,106.62408643575716,98.49596594128614,2.8919823899276773,False
flat,layers.13.ffn.fc1.bias,,2560,1.3247077332935349,2.6871833995543786,1.9869065343401084,1.4998829435381884,False
flat,layers.13.ffn.fc2.weight,,1638400,21.376438868888297,112.95354957106332,110.10650296743678,5.1508346943460275,False
flat,layers.13.ffn.fc2.bias,,640,0.3245955388776503,1.544503065849523,1.5141579305489608,4.6647527436280996,False
flat,layers.14.ln1.weight,,640,25.348244775923973,16.838214542533542,8.764213942891868,0.34575230042027244,False
flat,layers.14.ln1.bias,,640,0.22206185155069091,1.041726827684622,1.0279736274654148,4.6292220851394426,False
flat,layers.14.ln2.weight,,640,25.59307382950269,22.904987644550474,2.9416365586087836,0.11493877516259031,False
flat,layers.14.ln2.bias,,640,0.3838085240807899,1.5871708543508252,1.4107627960892113,3.6756942787238676,False
flat,layers.14.attn.w_q.weight,,409600,16.75797070651716,42.03972687690241,40.915972642998014,2.4415827763134725,False
flat,layers.14.attn.w_k.weight,,409600,16.43400628777234,42.016780471653824,40.55932992173123,2.4680123161392027,False
flat,layers.14.attn.w_v.weight,,409600,15.999316419821197,54.98708436634014,51.828182719876324,3.239399819336503,False
flat,layers.14.attn.w_o.weight,,409600,16.328644839799008,52.606113049792924,50.0614653389753,3.0658677330623796,False
flat,layers.14.ffn.fc1.weight,,1638400,33.59966919618469,105.53671171877352,98.51601574042893,2.9320531450832146,False
flat,layers.14.ffn.fc1.bias,,2560,1.3224404100561464,2.939733437847363,2.2861770802033274,1.7287562167782395,False
flat,layers.14.ffn.fc2.weight,,1638400,21.063988396260193,110.79673729469485,108.29808118690963,5.1413853421101114,False
flat,layers.14.ffn.fc2.bias,,640,0.32275376780935006,1.5634863935299406,1.4967109612478977,4.637315224564634,False
flat,ln_f.weight,,640,30.32332556421938,63.55499679091372,33.85168651524203,1.1163579813681785,False
flat,ln_f.bias,,640,1.3352158538603236,3.010395657158307,3.1420427143890106,2.3532095618134403,False
